<?xml version="1.0" encoding="UTF-8"?>
<project-private xmlns="http://www.netbeans.org/ns/project-private/1">
    <editor-bookmarks xmlns="http://www.netbeans.org/ns/editor-bookmarks/2" lastBookmarkId="0"/>
    <open-files xmlns="http://www.netbeans.org/ns/projectui-open-files/2">
        <group>
            <file>file:/F:/xxamp/htdocs/cw1/app/sec/logout.php</file>
            <file>file:/F:/xxamp/htdocs/cw1/app/sec/check.php</file>
            <file>file:/F:/xxamp/htdocs/cw1/app/sec/login_view.php</file>
            <file>file:/F:/xxamp/htdocs/cw1/app/sec/login.php</file>
            <file>file:/F:/xxamp/htdocs/cw1/app/calc_credit.php</file>
            <file>file:/F:/xxamp/htdocs/cw1/app/sec/secret.php</file>
            <file>file:/F:/xxamp/htdocs/cw1/index.php</file>
            <file>file:/F:/xxamp/htdocs/cw1/config_credit.php</file>
            <file>file:/F:/xxamp/htdocs/cw1/app/credit_view.php</file>
        </group>
    </open-files>
</project-private>
